,imagefrom,imageto1,imageto2
0,abaez/haskell-vim-now,haskell,1
1,adieu/pandoc,haskell,1
2,alagiz/net-fortune,haskell,1
3,artory/docker-pandoc-plantuml,haskell,1
4,artworx/pandoc-docker,haskell,1
5,beijaflorio/haskell-language-dockerfile,haskell,1
6,biscarch/bot,haskell,1
7,biscarch/docker-ghcjs,haskell,1
8,bluepeppers/highhockwho,haskell,1
9,bomberus/duckling,haskell,1
10,bradyt/docker-hledger-build,haskell,1
11,brandondyck/brandonweb-docker,haskell,1
12,brandonhamilton/haskell-fpm-reprepro,haskell,1
13,bthomas/unused,haskell,1
14,cameronbrunner/pandoc-docker,haskell,1
15,cdrnyx/uiuc-cs421-docker-haskell,haskell,1
16,codeclimate/popeye,haskell,1
17,conchoid/unused,haskell,1
18,dahlia/nicovideo-translator,haskell,1
19,darren/postgrest,haskell,1
20,dkempf/hadolint,haskell,1
21,dmp1ce/yesod,haskell,1
22,flowlimited/nmifc-basicauth,haskell,1
23,garyritchie/ebooktools,haskell,1
24,hamishmack/ghcjs,haskell,1
25,hiogawa/haskell,haskell,1
26,hjwylde/werewolf-slack-docker,haskell,1
27,hongchangwu/haskell-99,haskell,1
28,huiwang/haskell-vim-now,haskell,1
29,jagregory/pandoc,haskell,1
30,jakublopuszanski/optimized-elm-0.16-docker,haskell,1
31,jamesmstone/leksah,haskell,1
32,janosp/seat_rest_service,haskell,1
33,jhedev/campus,haskell,1
34,jhedev/sloppy-test,haskell,1
35,jmittert/shush,haskell,1
36,jonathanbp/elm,haskell,1
37,joshuaclayton/unused,haskell,1
38,jpbarto/ghci,haskell,1
39,jpbernius/pandoc,haskell,1
40,kallies/pandoc-docker,haskell,1
41,kelu/bnfc,haskell,1
42,khazhoyan/haskell,haskell,1
43,kirillseva/base-haskell,haskell,1
44,kseo/curated-docker-haskell,haskell,1
45,kuznero/haskell,haskell,1
46,lazamar/silver-magpie-backend,haskell,1
47,lemmih/clozecards_backend,haskell,1
48,markmandel/ghcshell,haskell,1
49,maybach/cruxlang-automated,haskell,1
50,morais/elm,haskell,1
51,mostalive/ghcjs,haskell,1
52,ntwrkguru/pandoc-gitlab-ci,haskell,1
53,opensocdebug/doc-converter,haskell,1
54,palfrey/pandoc-docker,haskell,1
55,pavelkogan/haskell78lts1,haskell,1
56,porterjamesj/pandoc,haskell,1
57,pstjohn/pandoc,haskell,1
58,ptival/peacoq,haskell,1
59,qinka/obj805,haskell,1
60,raikuro/pandoc-autobuild,haskell,1
61,rasa/duckling,haskell,1
62,rbelouin/music-suite,haskell,1
63,rdesfo/haste-compiler,haskell,1
64,rkawajiri/erd,haskell,1
65,roberthensing/haskell-servant-docker,haskell,1
66,robertjlooby/confsinfo,haskell,1
67,rwstauner/haste-compiler,haskell,1
68,samtecspg/duckling,haskell,1
69,shabbychef/gitit,haskell,1
70,sideeffffect/haskell-stackage,haskell,1
71,snapforbeginners/barebones,haskell,1
72,snapforbeginners/pulsar-postgres,haskell,1
73,sordina/snapdocker,haskell,1
74,stesta/gameoflife,haskell,1
75,strages/pandoc-docker,haskell,1
76,taeradan/haskell-sourcegraph,haskell,1
77,taeradan/hirc-bot,haskell,1
78,tazjin/herbert,haskell,1
79,tedneward/haskell,haskell,1
80,tetrafolium/unused,haskell,1
81,thannan/hakyll-box,haskell,1
82,threefx/counter-app,haskell,1
83,twalter/pandoc,haskell,1
84,vranac/erd,haskell,1
85,baconscript/stackage-dev,sideeffffect/haskell-stackage,1
86,pavelkogan/project-a,pavelkogan/haskell78lts1,1
87,pierodibello/pandoc-italian-docker,jagregory/pandoc,1
88,samtecspg/articulate-duckling,samtecspg/duckling,1
89,sideeffffect/haskell-stackage-top,sideeffffect/haskell-stackage,1
90,pavelkogan/project-a-dev,pavelkogan/project-a,1
